{
	"grad": [
		78.57122127215068,
		"Gradient computation (per worker)"
	],
	"noise": [
		31.402201056480408,
		"Noise addition (per worker)"
	],
	"aggr": [
		8.99325180053711,
		"Gradient aggregation"
	],
	"eval": [
		2.0665791034698486,
		"Model evaluation"
	]
}