{
	"grad": [
		3.2413927714029946,
		"Gradient computation (per worker)"
	],
	"noise": [
		2.553672989209493,
		"Noise addition (per worker)"
	],
	"aggr": [
		8.82991361618042,
		"Gradient aggregation"
	],
	"eval": [
		2.1494874954223633,
		"Model evaluation"
	]
}