{
	"grad": [
		0.4029844601949056,
		"Gradient computation (per worker)"
	],
	"noise": [
		0.2303748925526937,
		"Noise addition (per worker)"
	],
	"aggr": [
		2.7633326053619385,
		"Gradient aggregation"
	],
	"eval": [
		0.08260345458984375,
		"Model evaluation"
	]
}