{
	"grad": [
		19.743049422899883,
		"Gradient computation (per worker)"
	],
	"noise": [
		0.0,
		"Noise addition (per worker)"
	],
	"aggr": [
		9.270292282104492,
		"Gradient aggregation"
	],
	"eval": [
		2.1392927169799805,
		"Model evaluation"
	]
}