{
	"grad": [
		79.99400627613068,
		"Gradient computation (per worker)"
	],
	"noise": [
		34.245628674825035,
		"Noise addition (per worker)"
	],
	"aggr": [
		8.866106986999512,
		"Gradient aggregation"
	],
	"eval": [
		2.0660738945007324,
		"Model evaluation"
	]
}