{
	"grad": [
		0.23537236993963068,
		"Gradient computation (per worker)"
	],
	"noise": [
		0.2361873063174161,
		"Noise addition (per worker)"
	],
	"aggr": [
		0.053701162338256836,
		"Gradient aggregation"
	],
	"eval": [
		0.08915138244628906,
		"Model evaluation"
	]
}