{
	"grad": [
		3.2307652632395425,
		"Gradient computation (per worker)"
	],
	"noise": [
		2.3718340396881104,
		"Noise addition (per worker)"
	],
	"aggr": [
		8.867435693740845,
		"Gradient aggregation"
	],
	"eval": [
		2.1188008785247803,
		"Model evaluation"
	]
}