{
	"grad": [
		3.4485707680384317,
		"Gradient computation (per worker)"
	],
	"noise": [
		0.0,
		"Noise addition (per worker)"
	],
	"aggr": [
		8.693928718566895,
		"Gradient aggregation"
	],
	"eval": [
		2.1028685569763184,
		"Model evaluation"
	]
}