{
	"grad": [
		0.2138024460185658,
		"Gradient computation (per worker)"
	],
	"noise": [
		0.0,
		"Noise addition (per worker)"
	],
	"aggr": [
		0.04885554313659668,
		"Gradient aggregation"
	],
	"eval": [
		0.0787057876586914,
		"Model evaluation"
	]
}