{
	"grad": [
		3.38629412651062,
		"Gradient computation (per worker)"
	],
	"noise": [
		32.236793875694275,
		"Noise addition (per worker)"
	],
	"aggr": [
		8.811576128005981,
		"Gradient aggregation"
	],
	"eval": [
		2.0607011318206787,
		"Model evaluation"
	]
}