{
	"grad": [
		78.5210193792979,
		"Gradient computation (per worker)"
	],
	"noise": [
		32.10761876900991,
		"Noise addition (per worker)"
	],
	"aggr": [
		9.05275273323059,
		"Gradient aggregation"
	],
	"eval": [
		2.107685089111328,
		"Model evaluation"
	]
}