{
	"grad": [
		3.16400937239329,
		"Gradient computation (per worker)"
	],
	"noise": [
		2.4728121757507324,
		"Noise addition (per worker)"
	],
	"aggr": [
		8.730798482894897,
		"Gradient aggregation"
	],
	"eval": [
		2.1401188373565674,
		"Model evaluation"
	]
}