{
	"grad": [
		0.22576495011647543,
		"Gradient computation (per worker)"
	],
	"noise": [
		0.0,
		"Noise addition (per worker)"
	],
	"aggr": [
		2.835297107696533,
		"Gradient aggregation"
	],
	"eval": [
		0.08155250549316406,
		"Model evaluation"
	]
}