{
	"grad": [
		19.813044548034668,
		"Gradient computation (per worker)"
	],
	"noise": [
		0.0,
		"Noise addition (per worker)"
	],
	"aggr": [
		9.281489849090576,
		"Gradient aggregation"
	],
	"eval": [
		2.176701784133911,
		"Model evaluation"
	]
}