{
	"grad": [
		9.270017927343195,
		"Gradient computation (per worker)"
	],
	"noise": [
		29.173000487414274,
		"Noise addition (per worker)"
	],
	"aggr": [
		1.0832908153533936,
		"Gradient aggregation"
	],
	"eval": [
		2.074205160140991,
		"Model evaluation"
	]
}