{
	"grad": [
		0.4400739236311479,
		"Gradient computation (per worker)"
	],
	"noise": [
		0.0,
		"Noise addition (per worker)"
	],
	"aggr": [
		0.06559205055236816,
		"Gradient aggregation"
	],
	"eval": [
		0.08501434326171875,
		"Model evaluation"
	]
}