{
	"grad": [
		80.8530280156569,
		"Gradient computation (per worker)"
	],
	"noise": [
		0.0,
		"Noise addition (per worker)"
	],
	"aggr": [
		1.3689799308776855,
		"Gradient aggregation"
	],
	"eval": [
		2.2277989387512207,
		"Model evaluation"
	]
}