{
	"grad": [
		0.21954894065856934,
		"Gradient computation (per worker)"
	],
	"noise": [
		0.02298604358326305,
		"Noise addition (per worker)"
	],
	"aggr": [
		0.048586368560791016,
		"Gradient aggregation"
	],
	"eval": [
		0.0776064395904541,
		"Model evaluation"
	]
}