{
	"grad": [
		10.451324780782064,
		"Gradient computation (per worker)"
	],
	"noise": [
		0.0,
		"Noise addition (per worker)"
	],
	"aggr": [
		9.237020015716553,
		"Gradient aggregation"
	],
	"eval": [
		2.1483218669891357,
		"Model evaluation"
	]
}