{
	"grad": [
		0.42373711412603204,
		"Gradient computation (per worker)"
	],
	"noise": [
		0.02657283436168324,
		"Noise addition (per worker)"
	],
	"aggr": [
		0.05652642250061035,
		"Gradient aggregation"
	],
	"eval": [
		0.0789194107055664,
		"Model evaluation"
	]
}