{
	"grad": [
		0.40508822600046795,
		"Gradient computation (per worker)"
	],
	"noise": [
		0.0,
		"Noise addition (per worker)"
	],
	"aggr": [
		2.766977071762085,
		"Gradient aggregation"
	],
	"eval": [
		0.08232903480529785,
		"Model evaluation"
	]
}