{
	"grad": [
		3.1242153644561768,
		"Gradient computation (per worker)"
	],
	"noise": [
		0.0,
		"Noise addition (per worker)"
	],
	"aggr": [
		8.917820930480957,
		"Gradient aggregation"
	],
	"eval": [
		2.2131423950195312,
		"Model evaluation"
	]
}