{
	"grad": [
		0.22726484139760336,
		"Gradient computation (per worker)"
	],
	"noise": [
		0.0,
		"Noise addition (per worker)"
	],
	"aggr": [
		2.7515909671783447,
		"Gradient aggregation"
	],
	"eval": [
		0.08294939994812012,
		"Model evaluation"
	]
}