{
	"grad": [
		10.103170116742453,
		"Gradient computation (per worker)"
	],
	"noise": [
		0.0,
		"Noise addition (per worker)"
	],
	"aggr": [
		9.195722579956055,
		"Gradient aggregation"
	],
	"eval": [
		2.14070725440979,
		"Model evaluation"
	]
}