{
	"grad": [
		16.722759853709828,
		"Gradient computation (per worker)"
	],
	"noise": [
		0.0,
		"Noise addition (per worker)"
	],
	"aggr": [
		1.1758556365966797,
		"Gradient aggregation"
	],
	"eval": [
		2.197227716445923,
		"Model evaluation"
	]
}