{
	"grad": [
		0.21634721755981445,
		"Gradient computation (per worker)"
	],
	"noise": [
		0.0,
		"Noise addition (per worker)"
	],
	"aggr": [
		2.7248053550720215,
		"Gradient aggregation"
	],
	"eval": [
		0.07834029197692871,
		"Model evaluation"
	]
}