{
	"grad": [
		15.946211814880371,
		"Gradient computation (per worker)"
	],
	"noise": [
		3.110509236653646,
		"Noise addition (per worker)"
	],
	"aggr": [
		9.67846155166626,
		"Gradient aggregation"
	],
	"eval": [
		2.120365858078003,
		"Model evaluation"
	]
}