{
	"grad": [
		3.163833816846212,
		"Gradient computation (per worker)"
	],
	"noise": [
		2.520436445871989,
		"Noise addition (per worker)"
	],
	"aggr": [
		8.802157878875732,
		"Gradient aggregation"
	],
	"eval": [
		2.208801031112671,
		"Model evaluation"
	]
}