{
	"grad": [
		3.245684822400411,
		"Gradient computation (per worker)"
	],
	"noise": [
		0.0,
		"Noise addition (per worker)"
	],
	"aggr": [
		8.923479080200195,
		"Gradient aggregation"
	],
	"eval": [
		2.1810271739959717,
		"Model evaluation"
	]
}