{
	"grad": [
		0.23743041356404623,
		"Gradient computation (per worker)"
	],
	"noise": [
		0.027454137802124023,
		"Noise addition (per worker)"
	],
	"aggr": [
		2.7629148960113525,
		"Gradient aggregation"
	],
	"eval": [
		0.08504700660705566,
		"Model evaluation"
	]
}