{
	"grad": [
		17.517478769475762,
		"Gradient computation (per worker)"
	],
	"noise": [
		29.742773836309258,
		"Noise addition (per worker)"
	],
	"aggr": [
		1.1148264408111572,
		"Gradient aggregation"
	],
	"eval": [
		2.0348968505859375,
		"Model evaluation"
	]
}