{
	"grad": [
		0.22950414816538492,
		"Gradient computation (per worker)"
	],
	"noise": [
		0.027098576227823894,
		"Noise addition (per worker)"
	],
	"aggr": [
		2.7762155532836914,
		"Gradient aggregation"
	],
	"eval": [
		0.08279919624328613,
		"Model evaluation"
	]
}