{
	"grad": [
		80.9971837202708,
		"Gradient computation (per worker)"
	],
	"noise": [
		0.0,
		"Noise addition (per worker)"
	],
	"aggr": [
		10.472443580627441,
		"Gradient aggregation"
	],
	"eval": [
		2.1681010723114014,
		"Model evaluation"
	]
}