{
	"grad": [
		79.14567196369171,
		"Gradient computation (per worker)"
	],
	"noise": [
		0.0,
		"Noise addition (per worker)"
	],
	"aggr": [
		10.406434535980225,
		"Gradient aggregation"
	],
	"eval": [
		2.1846821308135986,
		"Model evaluation"
	]
}