{
	"grad": [
		10.43172256151835,
		"Gradient computation (per worker)"
	],
	"noise": [
		32.71780967712402,
		"Noise addition (per worker)"
	],
	"aggr": [
		8.885204553604126,
		"Gradient aggregation"
	],
	"eval": [
		2.0517632961273193,
		"Model evaluation"
	]
}