{
	"grad": [
		0.20861038294705478,
		"Gradient computation (per worker)"
	],
	"noise": [
		0.02369191429831765,
		"Noise addition (per worker)"
	],
	"aggr": [
		0.049360036849975586,
		"Gradient aggregation"
	],
	"eval": [
		0.08065485954284668,
		"Model evaluation"
	]
}