{
	"grad": [
		0.21878144957802512,
		"Gradient computation (per worker)"
	],
	"noise": [
		0.21618047627535733,
		"Noise addition (per worker)"
	],
	"aggr": [
		0.04892301559448242,
		"Gradient aggregation"
	],
	"eval": [
		0.07733750343322754,
		"Model evaluation"
	]
}