{
	"grad": [
		9.326359445398504,
		"Gradient computation (per worker)"
	],
	"noise": [
		0.0,
		"Noise addition (per worker)"
	],
	"aggr": [
		1.1018831729888916,
		"Gradient aggregation"
	],
	"eval": [
		2.217897891998291,
		"Model evaluation"
	]
}