{
	"grad": [
		0.21755592028299967,
		"Gradient computation (per worker)"
	],
	"noise": [
		0.0,
		"Noise addition (per worker)"
	],
	"aggr": [
		2.7569684982299805,
		"Gradient aggregation"
	],
	"eval": [
		0.07876110076904297,
		"Model evaluation"
	]
}