{
	"grad": [
		0.2140666643778483,
		"Gradient computation (per worker)"
	],
	"noise": [
		0.0,
		"Noise addition (per worker)"
	],
	"aggr": [
		2.640627145767212,
		"Gradient aggregation"
	],
	"eval": [
		0.07864189147949219,
		"Model evaluation"
	]
}