{
	"grad": [
		0.40744487444559735,
		"Gradient computation (per worker)"
	],
	"noise": [
		0.0,
		"Noise addition (per worker)"
	],
	"aggr": [
		2.7758100032806396,
		"Gradient aggregation"
	],
	"eval": [
		0.08233809471130371,
		"Model evaluation"
	]
}