{
	"grad": [
		0.22313499450683594,
		"Gradient computation (per worker)"
	],
	"noise": [
		0.02673657735188802,
		"Noise addition (per worker)"
	],
	"aggr": [
		2.742016315460205,
		"Gradient aggregation"
	],
	"eval": [
		0.08381128311157227,
		"Model evaluation"
	]
}