{
	"grad": [
		0.2378793160120646,
		"Gradient computation (per worker)"
	],
	"noise": [
		0.027264634768168133,
		"Noise addition (per worker)"
	],
	"aggr": [
		2.7180142402648926,
		"Gradient aggregation"
	],
	"eval": [
		0.08296799659729004,
		"Model evaluation"
	]
}