{
	"grad": [
		0.22898424755443225,
		"Gradient computation (per worker)"
	],
	"noise": [
		0.22062789310108533,
		"Noise addition (per worker)"
	],
	"aggr": [
		0.051590681076049805,
		"Gradient aggregation"
	],
	"eval": [
		0.08128976821899414,
		"Model evaluation"
	]
}