{
	"grad": [
		0.21845967119390314,
		"Gradient computation (per worker)"
	],
	"noise": [
		0.0,
		"Noise addition (per worker)"
	],
	"aggr": [
		0.04926705360412598,
		"Gradient aggregation"
	],
	"eval": [
		0.07822990417480469,
		"Model evaluation"
	]
}