{
	"grad": [
		17.668229146437213,
		"Gradient computation (per worker)"
	],
	"noise": [
		29.11465061794628,
		"Noise addition (per worker)"
	],
	"aggr": [
		1.167323112487793,
		"Gradient aggregation"
	],
	"eval": [
		2.0398330688476562,
		"Model evaluation"
	]
}