{
	"grad": [
		0.3962870438893636,
		"Gradient computation (per worker)"
	],
	"noise": [
		0.0,
		"Noise addition (per worker)"
	],
	"aggr": [
		2.7408220767974854,
		"Gradient aggregation"
	],
	"eval": [
		0.07873344421386719,
		"Model evaluation"
	]
}