{
	"grad": [
		0.4118780692418416,
		"Gradient computation (per worker)"
	],
	"noise": [
		0.23585633436838785,
		"Noise addition (per worker)"
	],
	"aggr": [
		2.8131582736968994,
		"Gradient aggregation"
	],
	"eval": [
		0.08493471145629883,
		"Model evaluation"
	]
}