{
	"grad": [
		80.32060082753499,
		"Gradient computation (per worker)"
	],
	"noise": [
		0.0,
		"Noise addition (per worker)"
	],
	"aggr": [
		10.344650268554688,
		"Gradient aggregation"
	],
	"eval": [
		2.1738953590393066,
		"Model evaluation"
	]
}