{
	"grad": [
		0.22821617126464844,
		"Gradient computation (per worker)"
	],
	"noise": [
		0.22447661558787027,
		"Noise addition (per worker)"
	],
	"aggr": [
		2.8309929370880127,
		"Gradient aggregation"
	],
	"eval": [
		0.08240151405334473,
		"Model evaluation"
	]
}