{
	"grad": [
		0.42628552696921607,
		"Gradient computation (per worker)"
	],
	"noise": [
		0.025685245340520687,
		"Noise addition (per worker)"
	],
	"aggr": [
		0.05342912673950195,
		"Gradient aggregation"
	],
	"eval": [
		0.07886290550231934,
		"Model evaluation"
	]
}