{
	"grad": [
		0.23013659318288168,
		"Gradient computation (per worker)"
	],
	"noise": [
		0.0,
		"Noise addition (per worker)"
	],
	"aggr": [
		2.6883926391601562,
		"Gradient aggregation"
	],
	"eval": [
		0.07993865013122559,
		"Model evaluation"
	]
}