{
	"grad": [
		0.3965210697867654,
		"Gradient computation (per worker)"
	],
	"noise": [
		0.23042282191189853,
		"Noise addition (per worker)"
	],
	"aggr": [
		0.05198073387145996,
		"Gradient aggregation"
	],
	"eval": [
		0.0831899642944336,
		"Model evaluation"
	]
}