{
	"grad": [
		0.22744627793629965,
		"Gradient computation (per worker)"
	],
	"noise": [
		0.2206721305847168,
		"Noise addition (per worker)"
	],
	"aggr": [
		2.7504055500030518,
		"Gradient aggregation"
	],
	"eval": [
		0.08250069618225098,
		"Model evaluation"
	]
}