{
	"grad": [
		0.22223082455721768,
		"Gradient computation (per worker)"
	],
	"noise": [
		0.0,
		"Noise addition (per worker)"
	],
	"aggr": [
		0.05011463165283203,
		"Gradient aggregation"
	],
	"eval": [
		0.07937932014465332,
		"Model evaluation"
	]
}