{
	"grad": [
		0.40499480565388996,
		"Gradient computation (per worker)"
	],
	"noise": [
		0.23372765382130942,
		"Noise addition (per worker)"
	],
	"aggr": [
		2.7559945583343506,
		"Gradient aggregation"
	],
	"eval": [
		0.08173465728759766,
		"Model evaluation"
	]
}