{
	"grad": [
		0.20907774838534268,
		"Gradient computation (per worker)"
	],
	"noise": [
		0.0,
		"Noise addition (per worker)"
	],
	"aggr": [
		0.049355506896972656,
		"Gradient aggregation"
	],
	"eval": [
		0.08139777183532715,
		"Model evaluation"
	]
}