{
	"grad": [
		3.4362329244613647,
		"Gradient computation (per worker)"
	],
	"noise": [
		0.0,
		"Noise addition (per worker)"
	],
	"aggr": [
		8.752354621887207,
		"Gradient aggregation"
	],
	"eval": [
		2.154491662979126,
		"Model evaluation"
	]
}