{
	"grad": [
		3.1226191918055215,
		"Gradient computation (per worker)"
	],
	"noise": [
		2.436155915260315,
		"Noise addition (per worker)"
	],
	"aggr": [
		8.82817530632019,
		"Gradient aggregation"
	],
	"eval": [
		2.126854181289673,
		"Model evaluation"
	]
}