{
	"grad": [
		9.17175234447826,
		"Gradient computation (per worker)"
	],
	"noise": [
		29.314866456118498,
		"Noise addition (per worker)"
	],
	"aggr": [
		1.0389819145202637,
		"Gradient aggregation"
	],
	"eval": [
		2.069969415664673,
		"Model evaluation"
	]
}