{
	"grad": [
		78.18812199433644,
		"Gradient computation (per worker)"
	],
	"noise": [
		0.0,
		"Noise addition (per worker)"
	],
	"aggr": [
		10.614640951156616,
		"Gradient aggregation"
	],
	"eval": [
		2.210319995880127,
		"Model evaluation"
	]
}