{
	"grad": [
		0.23715054988861084,
		"Gradient computation (per worker)"
	],
	"noise": [
		0.22699852784474692,
		"Noise addition (per worker)"
	],
	"aggr": [
		2.735658884048462,
		"Gradient aggregation"
	],
	"eval": [
		0.08246755599975586,
		"Model evaluation"
	]
}