{
	"grad": [
		0.24620747566223145,
		"Gradient computation (per worker)"
	],
	"noise": [
		0.02734518051147461,
		"Noise addition (per worker)"
	],
	"aggr": [
		2.7772374153137207,
		"Gradient aggregation"
	],
	"eval": [
		0.08189058303833008,
		"Model evaluation"
	]
}