{
	"grad": [
		84.6226617495219,
		"Gradient computation (per worker)"
	],
	"noise": [
		0.0,
		"Noise addition (per worker)"
	],
	"aggr": [
		9.800349950790405,
		"Gradient aggregation"
	],
	"eval": [
		2.129120349884033,
		"Model evaluation"
	]
}