{
	"grad": [
		0.23641482988993326,
		"Gradient computation (per worker)"
	],
	"noise": [
		0.0,
		"Noise addition (per worker)"
	],
	"aggr": [
		2.747623920440674,
		"Gradient aggregation"
	],
	"eval": [
		0.0830545425415039,
		"Model evaluation"
	]
}