{
	"grad": [
		84.22069935365157,
		"Gradient computation (per worker)"
	],
	"noise": [
		30.1852295181968,
		"Noise addition (per worker)"
	],
	"aggr": [
		1.1194050312042236,
		"Gradient aggregation"
	],
	"eval": [
		2.103451728820801,
		"Model evaluation"
	]
}