{
	"grad": [
		0.22071424397555264,
		"Gradient computation (per worker)"
	],
	"noise": [
		0.0229744477705522,
		"Noise addition (per worker)"
	],
	"aggr": [
		0.0473325252532959,
		"Gradient aggregation"
	],
	"eval": [
		0.07819962501525879,
		"Model evaluation"
	]
}