{
	"grad": [
		91.63288148244222,
		"Gradient computation (per worker)"
	],
	"noise": [
		2.811320145924886,
		"Noise addition (per worker)"
	],
	"aggr": [
		9.614596843719482,
		"Gradient aggregation"
	],
	"eval": [
		2.168570041656494,
		"Model evaluation"
	]
}