{
	"grad": [
		0.409562501040372,
		"Gradient computation (per worker)"
	],
	"noise": [
		0.2239478501406583,
		"Noise addition (per worker)"
	],
	"aggr": [
		0.05049419403076172,
		"Gradient aggregation"
	],
	"eval": [
		0.08303189277648926,
		"Model evaluation"
	]
}