{
	"grad": [
		0.23162412643432617,
		"Gradient computation (per worker)"
	],
	"noise": [
		0.22186730124733664,
		"Noise addition (per worker)"
	],
	"aggr": [
		0.050343990325927734,
		"Gradient aggregation"
	],
	"eval": [
		0.08265352249145508,
		"Model evaluation"
	]
}