{
	"grad": [
		0.4252527952194214,
		"Gradient computation (per worker)"
	],
	"noise": [
		0.0,
		"Noise addition (per worker)"
	],
	"aggr": [
		2.5985827445983887,
		"Gradient aggregation"
	],
	"eval": [
		0.07819032669067383,
		"Model evaluation"
	]
}