{
	"grad": [
		0.42064086596171063,
		"Gradient computation (per worker)"
	],
	"noise": [
		0.0,
		"Noise addition (per worker)"
	],
	"aggr": [
		2.8623178005218506,
		"Gradient aggregation"
	],
	"eval": [
		0.08778238296508789,
		"Model evaluation"
	]
}