{
	"grad": [
		0.22732985019683838,
		"Gradient computation (per worker)"
	],
	"noise": [
		0.0,
		"Noise addition (per worker)"
	],
	"aggr": [
		2.6979007720947266,
		"Gradient aggregation"
	],
	"eval": [
		0.08036994934082031,
		"Model evaluation"
	]
}