{
	"grad": [
		3.0228131214777627,
		"Gradient computation (per worker)"
	],
	"noise": [
		24.34636664390564,
		"Noise addition (per worker)"
	],
	"aggr": [
		8.718652963638306,
		"Gradient aggregation"
	],
	"eval": [
		2.096949338912964,
		"Model evaluation"
	]
}