{
	"grad": [
		0.42403701941172284,
		"Gradient computation (per worker)"
	],
	"noise": [
		0.0,
		"Noise addition (per worker)"
	],
	"aggr": [
		2.7671988010406494,
		"Gradient aggregation"
	],
	"eval": [
		0.0834803581237793,
		"Model evaluation"
	]
}