{
	"grad": [
		0.424545483155684,
		"Gradient computation (per worker)"
	],
	"noise": [
		0.026109630411321468,
		"Noise addition (per worker)"
	],
	"aggr": [
		0.05341958999633789,
		"Gradient aggregation"
	],
	"eval": [
		0.07876729965209961,
		"Model evaluation"
	]
}