{
	"grad": [
		0.2115715200250799,
		"Gradient computation (per worker)"
	],
	"noise": [
		0.0,
		"Noise addition (per worker)"
	],
	"aggr": [
		0.04967927932739258,
		"Gradient aggregation"
	],
	"eval": [
		0.0821688175201416,
		"Model evaluation"
	]
}