{
	"grad": [
		0.24032866954803467,
		"Gradient computation (per worker)"
	],
	"noise": [
		0.23200209935506186,
		"Noise addition (per worker)"
	],
	"aggr": [
		2.746617317199707,
		"Gradient aggregation"
	],
	"eval": [
		0.08388304710388184,
		"Model evaluation"
	]
}