{
	"grad": [
		0.21683445843783292,
		"Gradient computation (per worker)"
	],
	"noise": [
		0.0,
		"Noise addition (per worker)"
	],
	"aggr": [
		0.049611568450927734,
		"Gradient aggregation"
	],
	"eval": [
		0.0788123607635498,
		"Model evaluation"
	]
}