{
	"grad": [
		0.4429155479777943,
		"Gradient computation (per worker)"
	],
	"noise": [
		0.2305395169691606,
		"Noise addition (per worker)"
	],
	"aggr": [
		0.05096912384033203,
		"Gradient aggregation"
	],
	"eval": [
		0.0894935131072998,
		"Model evaluation"
	]
}