{
	"grad": [
		0.24216842651367188,
		"Gradient computation (per worker)"
	],
	"noise": [
		0.0,
		"Noise addition (per worker)"
	],
	"aggr": [
		2.7438929080963135,
		"Gradient aggregation"
	],
	"eval": [
		0.08251380920410156,
		"Model evaluation"
	]
}