{
	"grad": [
		3.1474397579828897,
		"Gradient computation (per worker)"
	],
	"noise": [
		2.471318324406942,
		"Noise addition (per worker)"
	],
	"aggr": [
		8.689962148666382,
		"Gradient aggregation"
	],
	"eval": [
		2.1181118488311768,
		"Model evaluation"
	]
}