{
	"grad": [
		0.21435083042491565,
		"Gradient computation (per worker)"
	],
	"noise": [
		0.02340388298034668,
		"Noise addition (per worker)"
	],
	"aggr": [
		0.047763824462890625,
		"Gradient aggregation"
	],
	"eval": [
		0.07770323753356934,
		"Model evaluation"
	]
}