{
	"grad": [
		0.21043211763555353,
		"Gradient computation (per worker)"
	],
	"noise": [
		0.0,
		"Noise addition (per worker)"
	],
	"aggr": [
		0.04945993423461914,
		"Gradient aggregation"
	],
	"eval": [
		0.08386373519897461,
		"Model evaluation"
	]
}