{
	"grad": [
		0.21382999420166016,
		"Gradient computation (per worker)"
	],
	"noise": [
		0.02286453680558638,
		"Noise addition (per worker)"
	],
	"aggr": [
		0.047821760177612305,
		"Gradient aggregation"
	],
	"eval": [
		0.07845020294189453,
		"Model evaluation"
	]
}