{
	"grad": [
		3.2282751401265464,
		"Gradient computation (per worker)"
	],
	"noise": [
		2.4872061014175415,
		"Noise addition (per worker)"
	],
	"aggr": [
		8.758800506591797,
		"Gradient aggregation"
	],
	"eval": [
		2.1518540382385254,
		"Model evaluation"
	]
}