{
	"grad": [
		10.08375072479248,
		"Gradient computation (per worker)"
	],
	"noise": [
		32.65729463100433,
		"Noise addition (per worker)"
	],
	"aggr": [
		8.921862840652466,
		"Gradient aggregation"
	],
	"eval": [
		2.027003526687622,
		"Model evaluation"
	]
}