{
	"grad": [
		8.498462478319803,
		"Gradient computation (per worker)"
	],
	"noise": [
		29.86954136689504,
		"Noise addition (per worker)"
	],
	"aggr": [
		8.925096988677979,
		"Gradient aggregation"
	],
	"eval": [
		2.008335828781128,
		"Model evaluation"
	]
}