{
	"grad": [
		0.24282280604044595,
		"Gradient computation (per worker)"
	],
	"noise": [
		0.22781880696614584,
		"Noise addition (per worker)"
	],
	"aggr": [
		2.7363107204437256,
		"Gradient aggregation"
	],
	"eval": [
		0.08149981498718262,
		"Model evaluation"
	]
}