{
	"grad": [
		0.22117918187921698,
		"Gradient computation (per worker)"
	],
	"noise": [
		0.22829894586042923,
		"Noise addition (per worker)"
	],
	"aggr": [
		0.05216789245605469,
		"Gradient aggregation"
	],
	"eval": [
		0.08114147186279297,
		"Model evaluation"
	]
}