{
	"grad": [
		0.2168876908042214,
		"Gradient computation (per worker)"
	],
	"noise": [
		0.0,
		"Noise addition (per worker)"
	],
	"aggr": [
		0.0492556095123291,
		"Gradient aggregation"
	],
	"eval": [
		0.07758092880249023,
		"Model evaluation"
	]
}