{
	"grad": [
		0.23696641127268472,
		"Gradient computation (per worker)"
	],
	"noise": [
		0.027457515398661297,
		"Noise addition (per worker)"
	],
	"aggr": [
		2.7563538551330566,
		"Gradient aggregation"
	],
	"eval": [
		0.08261609077453613,
		"Model evaluation"
	]
}