{
	"grad": [
		3.459844470024109,
		"Gradient computation (per worker)"
	],
	"noise": [
		0.0,
		"Noise addition (per worker)"
	],
	"aggr": [
		8.785018682479858,
		"Gradient aggregation"
	],
	"eval": [
		2.1171553134918213,
		"Model evaluation"
	]
}