{
	"grad": [
		3.1109572649002075,
		"Gradient computation (per worker)"
	],
	"noise": [
		2.4247785011927285,
		"Noise addition (per worker)"
	],
	"aggr": [
		8.762767314910889,
		"Gradient aggregation"
	],
	"eval": [
		2.1985905170440674,
		"Model evaluation"
	]
}