{
	"grad": [
		3.1955992380777993,
		"Gradient computation (per worker)"
	],
	"noise": [
		2.5246483087539673,
		"Noise addition (per worker)"
	],
	"aggr": [
		8.801683902740479,
		"Gradient aggregation"
	],
	"eval": [
		2.0855371952056885,
		"Model evaluation"
	]
}