{
	"grad": [
		3.1954326232274375,
		"Gradient computation (per worker)"
	],
	"noise": [
		0.0,
		"Noise addition (per worker)"
	],
	"aggr": [
		8.90473985671997,
		"Gradient aggregation"
	],
	"eval": [
		2.152172803878784,
		"Model evaluation"
	]
}