{
	"grad": [
		3.7166561646894976,
		"Gradient computation (per worker)"
	],
	"noise": [
		0.0,
		"Noise addition (per worker)"
	],
	"aggr": [
		1.2395038604736328,
		"Gradient aggregation"
	],
	"eval": [
		2.961256265640259,
		"Model evaluation"
	]
}