{
	"grad": [
		78.34634939829509,
		"Gradient computation (per worker)"
	],
	"noise": [
		31.958455006281536,
		"Noise addition (per worker)"
	],
	"aggr": [
		8.941003322601318,
		"Gradient aggregation"
	],
	"eval": [
		2.06516170501709,
		"Model evaluation"
	]
}