{
	"grad": [
		0.21040797233581543,
		"Gradient computation (per worker)"
	],
	"noise": [
		0.0,
		"Noise addition (per worker)"
	],
	"aggr": [
		0.05065560340881348,
		"Gradient aggregation"
	],
	"eval": [
		0.08195042610168457,
		"Model evaluation"
	]
}