{
	"grad": [
		0.22895999749501547,
		"Gradient computation (per worker)"
	],
	"noise": [
		0.0,
		"Noise addition (per worker)"
	],
	"aggr": [
		2.8017783164978027,
		"Gradient aggregation"
	],
	"eval": [
		0.0835416316986084,
		"Model evaluation"
	]
}