{
	"grad": [
		0.2365478277206421,
		"Gradient computation (per worker)"
	],
	"noise": [
		0.0,
		"Noise addition (per worker)"
	],
	"aggr": [
		2.758927345275879,
		"Gradient aggregation"
	],
	"eval": [
		0.08236002922058105,
		"Model evaluation"
	]
}