{
	"grad": [
		3.1624536514282227,
		"Gradient computation (per worker)"
	],
	"noise": [
		2.4501798152923584,
		"Noise addition (per worker)"
	],
	"aggr": [
		8.790134906768799,
		"Gradient aggregation"
	],
	"eval": [
		2.078739881515503,
		"Model evaluation"
	]
}