{
	"grad": [
		0.4357958634694417,
		"Gradient computation (per worker)"
	],
	"noise": [
		0.0,
		"Noise addition (per worker)"
	],
	"aggr": [
		2.646139144897461,
		"Gradient aggregation"
	],
	"eval": [
		0.0818021297454834,
		"Model evaluation"
	]
}