{
	"grad": [
		0.4207192984494296,
		"Gradient computation (per worker)"
	],
	"noise": [
		0.0,
		"Noise addition (per worker)"
	],
	"aggr": [
		0.06393647193908691,
		"Gradient aggregation"
	],
	"eval": [
		0.07816720008850098,
		"Model evaluation"
	]
}