{
	"grad": [
		9.314484227787364,
		"Gradient computation (per worker)"
	],
	"noise": [
		0.0,
		"Noise addition (per worker)"
	],
	"aggr": [
		1.0870273113250732,
		"Gradient aggregation"
	],
	"eval": [
		2.122972011566162,
		"Model evaluation"
	]
}