{
	"grad": [
		16.402390588413585,
		"Gradient computation (per worker)"
	],
	"noise": [
		3.2351285977797075,
		"Noise addition (per worker)"
	],
	"aggr": [
		1.0581088066101074,
		"Gradient aggregation"
	],
	"eval": [
		2.1208107471466064,
		"Model evaluation"
	]
}