{
	"grad": [
		20.76318820317586,
		"Gradient computation (per worker)"
	],
	"noise": [
		33.341464122136436,
		"Noise addition (per worker)"
	],
	"aggr": [
		8.936460018157959,
		"Gradient aggregation"
	],
	"eval": [
		2.109609842300415,
		"Model evaluation"
	]
}