{
	"grad": [
		0.21240128170360217,
		"Gradient computation (per worker)"
	],
	"noise": [
		0.0,
		"Noise addition (per worker)"
	],
	"aggr": [
		0.04886579513549805,
		"Gradient aggregation"
	],
	"eval": [
		0.0770573616027832,
		"Model evaluation"
	]
}