{
	"grad": [
		3.3050470785661177,
		"Gradient computation (per worker)"
	],
	"noise": [
		2.7141266519373115,
		"Noise addition (per worker)"
	],
	"aggr": [
		1.068251132965088,
		"Gradient aggregation"
	],
	"eval": [
		2.2209832668304443,
		"Model evaluation"
	]
}