{
	"grad": [
		0.4093376398086548,
		"Gradient computation (per worker)"
	],
	"noise": [
		0.028755664825439453,
		"Noise addition (per worker)"
	],
	"aggr": [
		2.79021954536438,
		"Gradient aggregation"
	],
	"eval": [
		0.08464694023132324,
		"Model evaluation"
	]
}