{
	"grad": [
		16.281501332918804,
		"Gradient computation (per worker)"
	],
	"noise": [
		30.65627868970235,
		"Noise addition (per worker)"
	],
	"aggr": [
		8.937559604644775,
		"Gradient aggregation"
	],
	"eval": [
		2.087798595428467,
		"Model evaluation"
	]
}