{
	"grad": [
		9.25550278750333,
		"Gradient computation (per worker)"
	],
	"noise": [
		29.436846191232856,
		"Noise addition (per worker)"
	],
	"aggr": [
		1.062723159790039,
		"Gradient aggregation"
	],
	"eval": [
		2.072481393814087,
		"Model evaluation"
	]
}