{
	"grad": [
		3.1529311736424765,
		"Gradient computation (per worker)"
	],
	"noise": [
		2.4968592723210654,
		"Noise addition (per worker)"
	],
	"aggr": [
		8.827849626541138,
		"Gradient aggregation"
	],
	"eval": [
		2.093670606613159,
		"Model evaluation"
	]
}