{
	"grad": [
		18.61870249112447,
		"Gradient computation (per worker)"
	],
	"noise": [
		33.192933996518455,
		"Noise addition (per worker)"
	],
	"aggr": [
		8.901711225509644,
		"Gradient aggregation"
	],
	"eval": [
		2.0616700649261475,
		"Model evaluation"
	]
}