{
	"grad": [
		0.22867353757222494,
		"Gradient computation (per worker)"
	],
	"noise": [
		0.027643680572509766,
		"Noise addition (per worker)"
	],
	"aggr": [
		2.799952507019043,
		"Gradient aggregation"
	],
	"eval": [
		0.08338713645935059,
		"Model evaluation"
	]
}