{
	"grad": [
		0.22139251232147217,
		"Gradient computation (per worker)"
	],
	"noise": [
		0.0,
		"Noise addition (per worker)"
	],
	"aggr": [
		2.6586477756500244,
		"Gradient aggregation"
	],
	"eval": [
		0.08116507530212402,
		"Model evaluation"
	]
}