{
	"grad": [
		3.28928821737116,
		"Gradient computation (per worker)"
	],
	"noise": [
		2.6272984634746206,
		"Noise addition (per worker)"
	],
	"aggr": [
		1.0490357875823975,
		"Gradient aggregation"
	],
	"eval": [
		2.1605746746063232,
		"Model evaluation"
	]
}