{
	"grad": [
		3.3829933513294566,
		"Gradient computation (per worker)"
	],
	"noise": [
		0.0,
		"Noise addition (per worker)"
	],
	"aggr": [
		1.0836122035980225,
		"Gradient aggregation"
	],
	"eval": [
		2.1538238525390625,
		"Model evaluation"
	]
}