{
	"grad": [
		0.21833630041642624,
		"Gradient computation (per worker)"
	],
	"noise": [
		0.0,
		"Noise addition (per worker)"
	],
	"aggr": [
		0.05081939697265625,
		"Gradient aggregation"
	],
	"eval": [
		0.0786590576171875,
		"Model evaluation"
	]
}