{
	"grad": [
		0.21981891718777744,
		"Gradient computation (per worker)"
	],
	"noise": [
		0.2224738814614036,
		"Noise addition (per worker)"
	],
	"aggr": [
		0.05133366584777832,
		"Gradient aggregation"
	],
	"eval": [
		0.08189964294433594,
		"Model evaluation"
	]
}