{
	"grad": [
		0.24264947573343912,
		"Gradient computation (per worker)"
	],
	"noise": [
		0.0,
		"Noise addition (per worker)"
	],
	"aggr": [
		2.761340618133545,
		"Gradient aggregation"
	],
	"eval": [
		0.08405733108520508,
		"Model evaluation"
	]
}