{
	"grad": [
		0.41014822324117023,
		"Gradient computation (per worker)"
	],
	"noise": [
		0.028146862983703613,
		"Noise addition (per worker)"
	],
	"aggr": [
		2.7675716876983643,
		"Gradient aggregation"
	],
	"eval": [
		0.08352279663085938,
		"Model evaluation"
	]
}