{
	"grad": [
		0.41245003541310626,
		"Gradient computation (per worker)"
	],
	"noise": [
		0.0,
		"Noise addition (per worker)"
	],
	"aggr": [
		2.760402202606201,
		"Gradient aggregation"
	],
	"eval": [
		0.08274674415588379,
		"Model evaluation"
	]
}