{
	"grad": [
		0.23659892876942953,
		"Gradient computation (per worker)"
	],
	"noise": [
		0.22634708881378174,
		"Noise addition (per worker)"
	],
	"aggr": [
		2.7461624145507812,
		"Gradient aggregation"
	],
	"eval": [
		0.08219575881958008,
		"Model evaluation"
	]
}