{
	"grad": [
		0.23757314682006836,
		"Gradient computation (per worker)"
	],
	"noise": [
		0.026953458786010742,
		"Noise addition (per worker)"
	],
	"aggr": [
		2.7615768909454346,
		"Gradient aggregation"
	],
	"eval": [
		0.08282637596130371,
		"Model evaluation"
	]
}