{
	"grad": [
		0.24433688322703043,
		"Gradient computation (per worker)"
	],
	"noise": [
		0.229673703511556,
		"Noise addition (per worker)"
	],
	"aggr": [
		2.735215425491333,
		"Gradient aggregation"
	],
	"eval": [
		0.08264589309692383,
		"Model evaluation"
	]
}