{
	"grad": [
		0.24165229002634683,
		"Gradient computation (per worker)"
	],
	"noise": [
		0.0,
		"Noise addition (per worker)"
	],
	"aggr": [
		2.7499687671661377,
		"Gradient aggregation"
	],
	"eval": [
		0.08303332328796387,
		"Model evaluation"
	]
}