{
	"grad": [
		0.24305089314778647,
		"Gradient computation (per worker)"
	],
	"noise": [
		0.0,
		"Noise addition (per worker)"
	],
	"aggr": [
		2.7414958477020264,
		"Gradient aggregation"
	],
	"eval": [
		0.08298325538635254,
		"Model evaluation"
	]
}