{
	"grad": [
		84.26144964044744,
		"Gradient computation (per worker)"
	],
	"noise": [
		3.0489050908522173,
		"Noise addition (per worker)"
	],
	"aggr": [
		1.1417057514190674,
		"Gradient aggregation"
	],
	"eval": [
		2.1028733253479004,
		"Model evaluation"
	]
}