{
	"grad": [
		16.478697234934028,
		"Gradient computation (per worker)"
	],
	"noise": [
		0.0,
		"Noise addition (per worker)"
	],
	"aggr": [
		1.1492455005645752,
		"Gradient aggregation"
	],
	"eval": [
		2.1373560428619385,
		"Model evaluation"
	]
}