{
	"grad": [
		0.23756735975092108,
		"Gradient computation (per worker)"
	],
	"noise": [
		0.23165583610534668,
		"Noise addition (per worker)"
	],
	"aggr": [
		0.051183462142944336,
		"Gradient aggregation"
	],
	"eval": [
		0.08311200141906738,
		"Model evaluation"
	]
}