{
	"grad": [
		3.3622503678003945,
		"Gradient computation (per worker)"
	],
	"noise": [
		31.97050146261851,
		"Noise addition (per worker)"
	],
	"aggr": [
		8.843999147415161,
		"Gradient aggregation"
	],
	"eval": [
		2.0896878242492676,
		"Model evaluation"
	]
}