{
	"grad": [
		0.406233270963033,
		"Gradient computation (per worker)"
	],
	"noise": [
		0.028225223223368328,
		"Noise addition (per worker)"
	],
	"aggr": [
		2.746114492416382,
		"Gradient aggregation"
	],
	"eval": [
		0.08304500579833984,
		"Model evaluation"
	]
}